resume_id,activity,timestamp,resource
R0001,Resume Received,2024-05-01 10:37:00,System
R0001,Resume Filtered,2024-05-01 14:37:00,HR
R0001,Interview Scheduled,2024-05-01 17:25:00,System
R0001,Interview Completed,2024-05-01 20:55:00,HR
R0001,Offer Sent,2024-05-01 22:17:00,System
R0002,Resume Received,2024-05-01 09:57:00,System
R0002,Resume Filtered,2024-05-01 10:46:00,HR
R0002,Interview Scheduled,2024-05-01 12:09:00,System
R0002,Interview Completed,2024-05-01 15:11:00,HR
R0002,Offer Sent,2024-05-01 19:10:00,System
R0003,Resume Received,2024-05-01 08:20:00,System
R0003,Resume Filtered,2024-05-01 09:45:00,HR
R0003,Interview Scheduled,2024-05-01 13:01:00,System
R0003,Interview Completed,2024-05-01 15:49:00,HR
R0003,Offer Sent,2024-05-01 19:15:00,System
R0004,Resume Received,2024-05-01 08:43:00,System
R0004,Resume Filtered,2024-05-01 12:35:00,HR
R0004,Interview Scheduled,2024-05-01 15:57:00,System
R0004,Interview Completed,2024-05-01 17:48:00,HR
R0004,Offer Sent,2024-05-01 18:49:00,System
R0005,Resume Received,2024-05-01 09:48:00,System
R0005,Resume Filtered,2024-05-01 10:19:00,HR
R0005,Interview Scheduled,2024-05-01 12:38:00,System
R0005,Interview Completed,2024-05-01 14:40:00,HR
R0005,Offer Sent,2024-05-01 16:07:00,System
R0005,Offer Accepted,2024-05-01 19:26:00,Candidate
R0006,Resume Received,2024-05-01 10:41:00,System
R0006,Resume Filtered,2024-05-01 11:49:00,HR
R0006,Interview Scheduled,2024-05-01 14:51:00,System
R0006,Interview Completed,2024-05-01 15:33:00,HR
R0007,Resume Received,2024-05-01 08:40:00,System
R0007,Resume Filtered,2024-05-01 10:24:00,HR
R0007,Interview Scheduled,2024-05-01 11:59:00,System
R0007,Interview Completed,2024-05-01 14:17:00,HR
R0007,Offer Sent,2024-05-01 14:56:00,System
R0007,Offer Accepted,2024-05-01 15:36:00,Candidate
R0008,Resume Received,2024-05-01 10:48:00,System
R0008,Resume Filtered,2024-05-01 12:30:00,HR
R0008,Interview Scheduled,2024-05-01 14:11:00,System
R0008,Interview Completed,2024-05-01 15:48:00,HR
R0008,Offer Sent,2024-05-01 19:27:00,System
R0009,Resume Received,2024-05-01 10:44:00,System
R0009,Resume Filtered,2024-05-01 11:41:00,HR
R0009,Interview Scheduled,2024-05-01 14:09:00,System
R0009,Interview Completed,2024-05-01 14:46:00,HR
R0010,Resume Received,2024-05-01 08:13:00,System
R0010,Resume Filtered,2024-05-01 11:46:00,HR
R0010,Interview Scheduled,2024-05-01 14:51:00,System
R0010,Interview Completed,2024-05-01 15:45:00,HR
R0010,Offer Sent,2024-05-01 17:33:00,System
R0010,Offer Accepted,2024-05-01 21:18:00,Candidate
R0011,Resume Received,2024-05-01 08:58:00,System
R0011,Resume Filtered,2024-05-01 09:46:00,HR
R0011,Interview Scheduled,2024-05-01 12:47:00,System
R0011,Interview Completed,2024-05-01 14:08:00,HR
R0011,Offer Sent,2024-05-01 16:26:00,System
R0012,Resume Received,2024-05-01 09:12:00,System
R0012,Resume Filtered,2024-05-01 11:02:00,HR
R0012,Interview Scheduled,2024-05-01 14:38:00,System
R0012,Interview Completed,2024-05-01 17:47:00,HR
R0013,Resume Received,2024-05-01 09:59:00,System
R0013,Resume Filtered,2024-05-01 13:47:00,HR
R0013,Interview Scheduled,2024-05-01 17:44:00,System
R0013,Interview Completed,2024-05-01 18:33:00,HR
R0014,Resume Received,2024-05-01 09:46:00,System
R0014,Resume Filtered,2024-05-01 13:07:00,HR
R0014,Interview Scheduled,2024-05-01 15:31:00,System
R0014,Interview Completed,2024-05-01 17:36:00,HR
R0014,Offer Sent,2024-05-01 21:13:00,System
R0015,Resume Received,2024-05-01 10:12:00,System
R0015,Resume Filtered,2024-05-01 12:08:00,HR
R0015,Interview Scheduled,2024-05-01 15:40:00,System
R0015,Interview Completed,2024-05-01 19:10:00,HR
R0015,Offer Sent,2024-05-01 22:06:00,System
R0015,Offer Accepted,2024-05-02 02:01:00,Candidate
R0016,Resume Received,2024-05-01 10:25:00,System
R0016,Resume Filtered,2024-05-01 11:19:00,HR
R0016,Interview Scheduled,2024-05-01 13:37:00,System
R0016,Interview Completed,2024-05-01 14:51:00,HR
R0016,Offer Sent,2024-05-01 15:22:00,System
R0017,Resume Received,2024-05-01 10:45:00,System
R0017,Resume Filtered,2024-05-01 14:21:00,HR
R0017,Interview Scheduled,2024-05-01 16:22:00,System
R0017,Interview Completed,2024-05-01 19:57:00,HR
R0017,Offer Sent,2024-05-01 23:11:00,System
R0018,Resume Received,2024-05-01 10:58:00,System
R0018,Resume Filtered,2024-05-01 13:08:00,HR
R0018,Interview Scheduled,2024-05-01 14:55:00,System
R0018,Interview Completed,2024-05-01 17:29:00,HR
R0018,Offer Sent,2024-05-01 21:25:00,System
R0019,Resume Received,2024-05-01 08:00:00,System
R0019,Resume Filtered,2024-05-01 09:11:00,HR
R0019,Interview Scheduled,2024-05-01 12:19:00,System
R0019,Interview Completed,2024-05-01 13:23:00,HR
R0020,Resume Received,2024-05-01 08:21:00,System
R0020,Resume Filtered,2024-05-01 09:47:00,HR
R0020,Interview Scheduled,2024-05-01 13:47:00,System
R0020,Interview Completed,2024-05-01 14:27:00,HR
R0020,Offer Sent,2024-05-01 16:20:00,System
R0021,Resume Received,2024-05-01 08:49:00,System
R0021,Resume Filtered,2024-05-01 09:44:00,HR
R0021,Interview Scheduled,2024-05-01 13:42:00,System
R0021,Interview Completed,2024-05-01 14:47:00,HR
R0021,Offer Sent,2024-05-01 18:35:00,System
R0021,Offer Accepted,2024-05-01 22:19:00,Candidate
R0022,Resume Received,2024-05-01 08:55:00,System
R0022,Resume Filtered,2024-05-01 10:08:00,HR
R0022,Interview Scheduled,2024-05-01 11:59:00,System
R0022,Interview Completed,2024-05-01 15:26:00,HR
R0022,Offer Sent,2024-05-01 18:13:00,System
R0022,Offer Accepted,2024-05-01 18:50:00,Candidate
R0023,Resume Received,2024-05-01 09:22:00,System
R0023,Resume Filtered,2024-05-01 12:48:00,HR
R0023,Interview Scheduled,2024-05-01 13:50:00,System
R0023,Interview Completed,2024-05-01 14:28:00,HR
R0023,Offer Sent,2024-05-01 15:42:00,System
R0023,Offer Accepted,2024-05-01 17:31:00,Candidate
R0024,Resume Received,2024-05-01 09:18:00,System
R0024,Resume Filtered,2024-05-01 10:25:00,HR
R0024,Interview Scheduled,2024-05-01 11:27:00,System
R0024,Interview Completed,2024-05-01 13:09:00,HR
R0025,Resume Received,2024-05-01 09:57:00,System
R0025,Resume Filtered,2024-05-01 10:53:00,HR
R0025,Interview Scheduled,2024-05-01 12:29:00,System
R0025,Interview Completed,2024-05-01 14:33:00,HR
R0025,Offer Sent,2024-05-01 16:50:00,System
R0026,Resume Received,2024-05-01 10:15:00,System
R0026,Resume Filtered,2024-05-01 12:06:00,HR
R0026,Interview Scheduled,2024-05-01 14:42:00,System
R0026,Interview Completed,2024-05-01 15:41:00,HR
R0026,Offer Sent,2024-05-01 17:02:00,System
R0027,Resume Received,2024-05-01 08:44:00,System
R0027,Resume Filtered,2024-05-01 10:12:00,HR
R0027,Interview Scheduled,2024-05-01 12:31:00,System
R0027,Interview Completed,2024-05-01 16:17:00,HR
R0027,Offer Sent,2024-05-01 19:39:00,System
R0027,Offer Accepted,2024-05-01 21:48:00,Candidate
R0028,Resume Received,2024-05-01 09:14:00,System
R0028,Resume Filtered,2024-05-01 12:34:00,HR
R0028,Interview Scheduled,2024-05-01 13:35:00,System
R0028,Interview Completed,2024-05-01 15:34:00,HR
R0029,Resume Received,2024-05-01 08:18:00,System
R0029,Resume Filtered,2024-05-01 11:45:00,HR
R0029,Interview Scheduled,2024-05-01 14:23:00,System
R0029,Interview Completed,2024-05-01 18:04:00,HR
R0029,Offer Sent,2024-05-01 20:45:00,System
R0030,Resume Received,2024-05-01 09:38:00,System
R0030,Resume Filtered,2024-05-01 10:24:00,HR
R0030,Interview Scheduled,2024-05-01 12:07:00,System
R0030,Interview Completed,2024-05-01 15:54:00,HR
R0030,Offer Sent,2024-05-01 19:44:00,System
R0030,Offer Accepted,2024-05-01 21:21:00,Candidate
R0031,Resume Received,2024-05-01 10:20:00,System
R0031,Resume Filtered,2024-05-01 13:24:00,HR
R0031,Interview Scheduled,2024-05-01 16:49:00,System
R0031,Interview Completed,2024-05-01 18:24:00,HR
R0031,Offer Sent,2024-05-01 21:27:00,System
R0031,Offer Accepted,2024-05-01 22:53:00,Candidate
R0032,Resume Received,2024-05-01 09:51:00,System
R0032,Resume Filtered,2024-05-01 11:18:00,HR
R0032,Interview Scheduled,2024-05-01 14:24:00,System
R0032,Interview Completed,2024-05-01 15:35:00,HR
R0032,Offer Sent,2024-05-01 16:59:00,System
R0033,Resume Received,2024-05-01 09:09:00,System
R0033,Resume Filtered,2024-05-01 12:40:00,HR
R0033,Interview Scheduled,2024-05-01 14:24:00,System
R0033,Interview Completed,2024-05-01 16:41:00,HR
R0033,Offer Sent,2024-05-01 17:43:00,System
R0034,Resume Received,2024-05-01 08:59:00,System
R0034,Resume Filtered,2024-05-01 11:53:00,HR
R0034,Interview Scheduled,2024-05-01 13:23:00,System
R0034,Interview Completed,2024-05-01 16:36:00,HR
R0034,Offer Sent,2024-05-01 18:48:00,System
R0034,Offer Accepted,2024-05-01 22:21:00,Candidate
R0035,Resume Received,2024-05-01 09:05:00,System
R0035,Resume Filtered,2024-05-01 12:53:00,HR
R0035,Interview Scheduled,2024-05-01 13:23:00,System
R0035,Interview Completed,2024-05-01 15:42:00,HR
R0035,Offer Sent,2024-05-01 16:31:00,System
R0035,Offer Accepted,2024-05-01 20:05:00,Candidate
R0036,Resume Received,2024-05-01 08:46:00,System
R0036,Resume Filtered,2024-05-01 11:48:00,HR
R0036,Interview Scheduled,2024-05-01 13:23:00,System
R0036,Interview Completed,2024-05-01 13:56:00,HR
R0036,Offer Sent,2024-05-01 16:11:00,System
R0037,Resume Received,2024-05-01 09:04:00,System
R0037,Resume Filtered,2024-05-01 11:28:00,HR
R0037,Interview Scheduled,2024-05-01 12:30:00,System
R0037,Interview Completed,2024-05-01 16:20:00,HR
R0037,Offer Sent,2024-05-01 18:33:00,System
R0037,Offer Accepted,2024-05-01 19:14:00,Candidate
R0038,Resume Received,2024-05-01 10:08:00,System
R0038,Resume Filtered,2024-05-01 13:05:00,HR
R0038,Interview Scheduled,2024-05-01 15:43:00,System
R0038,Interview Completed,2024-05-01 18:15:00,HR
R0039,Resume Received,2024-05-01 10:59:00,System
R0039,Resume Filtered,2024-05-01 14:19:00,HR
R0039,Interview Scheduled,2024-05-01 17:20:00,System
R0039,Interview Completed,2024-05-01 18:25:00,HR
R0039,Offer Sent,2024-05-01 21:35:00,System
R0039,Offer Accepted,2024-05-01 23:30:00,Candidate
R0040,Resume Received,2024-05-01 10:28:00,System
R0040,Resume Filtered,2024-05-01 12:06:00,HR
R0040,Interview Scheduled,2024-05-01 13:47:00,System
R0040,Interview Completed,2024-05-01 15:52:00,HR
R0040,Offer Sent,2024-05-01 17:19:00,System
R0041,Resume Received,2024-05-01 08:52:00,System
R0041,Resume Filtered,2024-05-01 11:50:00,HR
R0041,Interview Scheduled,2024-05-01 13:56:00,System
R0041,Interview Completed,2024-05-01 14:39:00,HR
R0042,Resume Received,2024-05-01 09:59:00,System
R0042,Resume Filtered,2024-05-01 11:00:00,HR
R0042,Interview Scheduled,2024-05-01 13:20:00,System
R0042,Interview Completed,2024-05-01 15:32:00,HR
R0042,Offer Sent,2024-05-01 18:51:00,System
R0042,Offer Accepted,2024-05-01 22:47:00,Candidate
R0043,Resume Received,2024-05-01 08:06:00,System
R0043,Resume Filtered,2024-05-01 08:59:00,HR
R0043,Interview Scheduled,2024-05-01 09:35:00,System
R0043,Interview Completed,2024-05-01 12:38:00,HR
R0044,Resume Received,2024-05-01 09:45:00,System
R0044,Resume Filtered,2024-05-01 12:18:00,HR
R0044,Interview Scheduled,2024-05-01 14:55:00,System
R0044,Interview Completed,2024-05-01 17:14:00,HR
R0044,Offer Sent,2024-05-01 18:55:00,System
R0045,Resume Received,2024-05-01 09:50:00,System
R0045,Resume Filtered,2024-05-01 11:17:00,HR
R0045,Interview Scheduled,2024-05-01 14:18:00,System
R0045,Interview Completed,2024-05-01 16:15:00,HR
R0045,Offer Sent,2024-05-01 19:47:00,System
R0045,Offer Accepted,2024-05-01 21:20:00,Candidate
R0046,Resume Received,2024-05-01 10:13:00,System
R0046,Resume Filtered,2024-05-01 11:16:00,HR
R0046,Interview Scheduled,2024-05-01 13:08:00,System
R0046,Interview Completed,2024-05-01 15:51:00,HR
R0047,Resume Received,2024-05-01 08:45:00,System
R0047,Resume Filtered,2024-05-01 11:04:00,HR
R0047,Interview Scheduled,2024-05-01 12:29:00,System
R0047,Interview Completed,2024-05-01 16:10:00,HR
R0047,Offer Sent,2024-05-01 19:55:00,System
R0048,Resume Received,2024-05-01 08:30:00,System
R0048,Resume Filtered,2024-05-01 10:27:00,HR
R0048,Interview Scheduled,2024-05-01 12:39:00,System
R0048,Interview Completed,2024-05-01 16:05:00,HR
R0048,Offer Sent,2024-05-01 16:45:00,System
R0049,Resume Received,2024-05-01 10:38:00,System
R0049,Resume Filtered,2024-05-01 12:28:00,HR
R0049,Interview Scheduled,2024-05-01 14:14:00,System
R0049,Interview Completed,2024-05-01 17:02:00,HR
R0050,Resume Received,2024-05-01 10:39:00,System
R0050,Resume Filtered,2024-05-01 14:16:00,HR
R0050,Interview Scheduled,2024-05-01 16:02:00,System
R0050,Interview Completed,2024-05-01 17:46:00,HR
R0051,Resume Received,2024-05-01 10:39:00,System
R0051,Resume Filtered,2024-05-01 12:24:00,HR
R0051,Interview Scheduled,2024-05-01 15:37:00,System
R0051,Interview Completed,2024-05-01 17:16:00,HR
R0051,Offer Sent,2024-05-01 18:37:00,System
R0052,Resume Received,2024-05-01 10:33:00,System
R0052,Resume Filtered,2024-05-01 14:04:00,HR
R0052,Interview Scheduled,2024-05-01 15:23:00,System
R0052,Interview Completed,2024-05-01 18:45:00,HR
R0053,Resume Received,2024-05-01 08:37:00,System
R0053,Resume Filtered,2024-05-01 09:22:00,HR
R0053,Interview Scheduled,2024-05-01 12:25:00,System
R0053,Interview Completed,2024-05-01 14:21:00,HR
R0053,Offer Sent,2024-05-01 17:08:00,System
R0053,Offer Accepted,2024-05-01 20:17:00,Candidate
R0054,Resume Received,2024-05-01 08:51:00,System
R0054,Resume Filtered,2024-05-01 10:57:00,HR
R0054,Interview Scheduled,2024-05-01 12:27:00,System
R0054,Interview Completed,2024-05-01 13:36:00,HR
R0054,Offer Sent,2024-05-01 15:21:00,System
R0054,Offer Accepted,2024-05-01 16:10:00,Candidate
R0055,Resume Received,2024-05-01 08:14:00,System
R0055,Resume Filtered,2024-05-01 11:21:00,HR
R0055,Interview Scheduled,2024-05-01 12:36:00,System
R0055,Interview Completed,2024-05-01 15:12:00,HR
R0055,Offer Sent,2024-05-01 17:19:00,System
R0056,Resume Received,2024-05-01 09:08:00,System
R0056,Resume Filtered,2024-05-01 11:50:00,HR
R0056,Interview Scheduled,2024-05-01 13:07:00,System
R0056,Interview Completed,2024-05-01 16:33:00,HR
R0057,Resume Received,2024-05-01 10:00:00,System
R0057,Resume Filtered,2024-05-01 11:55:00,HR
R0057,Interview Scheduled,2024-05-01 14:26:00,System
R0057,Interview Completed,2024-05-01 17:34:00,HR
R0057,Offer Sent,2024-05-01 18:39:00,System
R0057,Offer Accepted,2024-05-01 20:33:00,Candidate
R0058,Resume Received,2024-05-01 09:43:00,System
R0058,Resume Filtered,2024-05-01 11:46:00,HR
R0058,Interview Scheduled,2024-05-01 14:37:00,System
R0058,Interview Completed,2024-05-01 17:38:00,HR
R0058,Offer Sent,2024-05-01 20:48:00,System
R0058,Offer Accepted,2024-05-02 00:47:00,Candidate
R0059,Resume Received,2024-05-01 09:34:00,System
R0059,Resume Filtered,2024-05-01 10:43:00,HR
R0059,Interview Scheduled,2024-05-01 14:38:00,System
R0059,Interview Completed,2024-05-01 18:13:00,HR
R0059,Offer Sent,2024-05-01 20:35:00,System
R0059,Offer Accepted,2024-05-01 21:55:00,Candidate
R0060,Resume Received,2024-05-01 08:56:00,System
R0060,Resume Filtered,2024-05-01 10:55:00,HR
R0060,Interview Scheduled,2024-05-01 14:28:00,System
R0060,Interview Completed,2024-05-01 16:26:00,HR
R0060,Offer Sent,2024-05-01 19:48:00,System
R0060,Offer Accepted,2024-05-01 20:27:00,Candidate
R0061,Resume Received,2024-05-01 09:45:00,System
R0061,Resume Filtered,2024-05-01 10:49:00,HR
R0061,Interview Scheduled,2024-05-01 13:21:00,System
R0061,Interview Completed,2024-05-01 15:20:00,HR
R0061,Offer Sent,2024-05-01 17:40:00,System
R0062,Resume Received,2024-05-01 10:27:00,System
R0062,Resume Filtered,2024-05-01 11:24:00,HR
R0062,Interview Scheduled,2024-05-01 13:04:00,System
R0062,Interview Completed,2024-05-01 14:59:00,HR
R0063,Resume Received,2024-05-01 08:38:00,System
R0063,Resume Filtered,2024-05-01 10:20:00,HR
R0063,Interview Scheduled,2024-05-01 13:37:00,System
R0063,Interview Completed,2024-05-01 16:18:00,HR
R0063,Offer Sent,2024-05-01 17:20:00,System
R0063,Offer Accepted,2024-05-01 18:56:00,Candidate
R0064,Resume Received,2024-05-01 09:10:00,System
R0064,Resume Filtered,2024-05-01 10:39:00,HR
R0064,Interview Scheduled,2024-05-01 12:51:00,System
R0064,Interview Completed,2024-05-01 14:25:00,HR
R0065,Resume Received,2024-05-01 08:52:00,System
R0065,Resume Filtered,2024-05-01 12:05:00,HR
R0065,Interview Scheduled,2024-05-01 15:59:00,System
R0065,Interview Completed,2024-05-01 19:32:00,HR
R0065,Offer Sent,2024-05-01 20:07:00,System
R0066,Resume Received,2024-05-01 08:51:00,System
R0066,Resume Filtered,2024-05-01 10:32:00,HR
R0066,Interview Scheduled,2024-05-01 12:52:00,System
R0066,Interview Completed,2024-05-01 13:31:00,HR
R0066,Offer Sent,2024-05-01 15:58:00,System
R0067,Resume Received,2024-05-01 09:50:00,System
R0067,Resume Filtered,2024-05-01 10:20:00,HR
R0067,Interview Scheduled,2024-05-01 13:30:00,System
R0067,Interview Completed,2024-05-01 16:08:00,HR
R0067,Offer Sent,2024-05-01 17:03:00,System
R0067,Offer Accepted,2024-05-01 18:28:00,Candidate
R0068,Resume Received,2024-05-01 08:07:00,System
R0068,Resume Filtered,2024-05-01 09:27:00,HR
R0068,Interview Scheduled,2024-05-01 11:30:00,System
R0068,Interview Completed,2024-05-01 13:47:00,HR
R0068,Offer Sent,2024-05-01 14:29:00,System
R0068,Offer Accepted,2024-05-01 15:24:00,Candidate
R0069,Resume Received,2024-05-01 10:06:00,System
R0069,Resume Filtered,2024-05-01 11:54:00,HR
R0069,Interview Scheduled,2024-05-01 14:55:00,System
R0069,Interview Completed,2024-05-01 18:07:00,HR
R0069,Offer Sent,2024-05-01 19:02:00,System
R0070,Resume Received,2024-05-01 10:58:00,System
R0070,Resume Filtered,2024-05-01 14:15:00,HR
R0070,Interview Scheduled,2024-05-01 15:22:00,System
R0070,Interview Completed,2024-05-01 17:35:00,HR
R0070,Offer Sent,2024-05-01 21:24:00,System
R0071,Resume Received,2024-05-01 09:15:00,System
R0071,Resume Filtered,2024-05-01 12:58:00,HR
R0071,Interview Scheduled,2024-05-01 14:28:00,System
R0071,Interview Completed,2024-05-01 17:10:00,HR
R0072,Resume Received,2024-05-01 10:29:00,System
R0072,Resume Filtered,2024-05-01 14:24:00,HR
R0072,Interview Scheduled,2024-05-01 16:26:00,System
R0072,Interview Completed,2024-05-01 17:46:00,HR
R0073,Resume Received,2024-05-01 10:41:00,System
R0073,Resume Filtered,2024-05-01 12:50:00,HR
R0073,Interview Scheduled,2024-05-01 13:59:00,System
R0073,Interview Completed,2024-05-01 15:20:00,HR
R0074,Resume Received,2024-05-01 09:47:00,System
R0074,Resume Filtered,2024-05-01 12:00:00,HR
R0074,Interview Scheduled,2024-05-01 14:30:00,System
R0074,Interview Completed,2024-05-01 17:46:00,HR
R0075,Resume Received,2024-05-01 08:24:00,System
R0075,Resume Filtered,2024-05-01 10:48:00,HR
R0075,Interview Scheduled,2024-05-01 12:18:00,System
R0075,Interview Completed,2024-05-01 14:14:00,HR
R0075,Offer Sent,2024-05-01 17:00:00,System
R0075,Offer Accepted,2024-05-01 19:37:00,Candidate
R0076,Resume Received,2024-05-01 10:29:00,System
R0076,Resume Filtered,2024-05-01 11:38:00,HR
R0076,Interview Scheduled,2024-05-01 12:24:00,System
R0076,Interview Completed,2024-05-01 13:02:00,HR
R0076,Offer Sent,2024-05-01 16:11:00,System
R0077,Resume Received,2024-05-01 10:53:00,System
R0077,Resume Filtered,2024-05-01 13:35:00,HR
R0077,Interview Scheduled,2024-05-01 15:38:00,System
R0077,Interview Completed,2024-05-01 19:30:00,HR
R0078,Resume Received,2024-05-01 08:54:00,System
R0078,Resume Filtered,2024-05-01 10:37:00,HR
R0078,Interview Scheduled,2024-05-01 12:23:00,System
R0078,Interview Completed,2024-05-01 15:49:00,HR
R0079,Resume Received,2024-05-01 08:42:00,System
R0079,Resume Filtered,2024-05-01 11:13:00,HR
R0079,Interview Scheduled,2024-05-01 11:49:00,System
R0079,Interview Completed,2024-05-01 14:36:00,HR
R0079,Offer Sent,2024-05-01 15:46:00,System
R0079,Offer Accepted,2024-05-01 16:17:00,Candidate
R0080,Resume Received,2024-05-01 10:41:00,System
R0080,Resume Filtered,2024-05-01 14:20:00,HR
R0080,Interview Scheduled,2024-05-01 17:37:00,System
R0080,Interview Completed,2024-05-01 20:22:00,HR
R0080,Offer Sent,2024-05-01 23:27:00,System
R0081,Resume Received,2024-05-01 09:42:00,System
R0081,Resume Filtered,2024-05-01 11:55:00,HR
R0081,Interview Scheduled,2024-05-01 14:44:00,System
R0081,Interview Completed,2024-05-01 15:37:00,HR
R0081,Offer Sent,2024-05-01 19:15:00,System
R0082,Resume Received,2024-05-01 08:51:00,System
R0082,Resume Filtered,2024-05-01 12:36:00,HR
R0082,Interview Scheduled,2024-05-01 15:25:00,System
R0082,Interview Completed,2024-05-01 19:03:00,HR
R0083,Resume Received,2024-05-01 09:44:00,System
R0083,Resume Filtered,2024-05-01 13:38:00,HR
R0083,Interview Scheduled,2024-05-01 14:49:00,System
R0083,Interview Completed,2024-05-01 16:13:00,HR
R0084,Resume Received,2024-05-01 08:56:00,System
R0084,Resume Filtered,2024-05-01 10:24:00,HR
R0084,Interview Scheduled,2024-05-01 12:51:00,System
R0084,Interview Completed,2024-05-01 15:16:00,HR
R0084,Offer Sent,2024-05-01 17:57:00,System
R0084,Offer Accepted,2024-05-01 20:26:00,Candidate
R0085,Resume Received,2024-05-01 09:15:00,System
R0085,Resume Filtered,2024-05-01 09:50:00,HR
R0085,Interview Scheduled,2024-05-01 13:43:00,System
R0085,Interview Completed,2024-05-01 15:29:00,HR
R0086,Resume Received,2024-05-01 08:23:00,System
R0086,Resume Filtered,2024-05-01 12:04:00,HR
R0086,Interview Scheduled,2024-05-01 13:10:00,System
R0086,Interview Completed,2024-05-01 17:10:00,HR
R0086,Offer Sent,2024-05-01 20:57:00,System
R0086,Offer Accepted,2024-05-01 23:28:00,Candidate
R0087,Resume Received,2024-05-01 09:45:00,System
R0087,Resume Filtered,2024-05-01 10:42:00,HR
R0087,Interview Scheduled,2024-05-01 12:24:00,System
R0087,Interview Completed,2024-05-01 14:23:00,HR
R0088,Resume Received,2024-05-01 09:37:00,System
R0088,Resume Filtered,2024-05-01 10:22:00,HR
R0088,Interview Scheduled,2024-05-01 12:54:00,System
R0088,Interview Completed,2024-05-01 14:22:00,HR
R0088,Offer Sent,2024-05-01 16:54:00,System
R0088,Offer Accepted,2024-05-01 18:24:00,Candidate
R0089,Resume Received,2024-05-01 09:37:00,System
R0089,Resume Filtered,2024-05-01 13:14:00,HR
R0089,Interview Scheduled,2024-05-01 15:53:00,System
R0089,Interview Completed,2024-05-01 18:50:00,HR
R0090,Resume Received,2024-05-01 08:28:00,System
R0090,Resume Filtered,2024-05-01 09:03:00,HR
R0090,Interview Scheduled,2024-05-01 10:07:00,System
R0090,Interview Completed,2024-05-01 11:48:00,HR
R0091,Resume Received,2024-05-01 09:48:00,System
R0091,Resume Filtered,2024-05-01 13:38:00,HR
R0091,Interview Scheduled,2024-05-01 15:11:00,System
R0091,Interview Completed,2024-05-01 18:21:00,HR
R0091,Offer Sent,2024-05-01 19:26:00,System
R0091,Offer Accepted,2024-05-01 22:40:00,Candidate
R0092,Resume Received,2024-05-01 09:58:00,System
R0092,Resume Filtered,2024-05-01 12:27:00,HR
R0092,Interview Scheduled,2024-05-01 14:56:00,System
R0092,Interview Completed,2024-05-01 18:07:00,HR
R0093,Resume Received,2024-05-01 09:14:00,System
R0093,Resume Filtered,2024-05-01 12:57:00,HR
R0093,Interview Scheduled,2024-05-01 15:44:00,System
R0093,Interview Completed,2024-05-01 19:41:00,HR
R0093,Offer Sent,2024-05-01 23:38:00,System
R0094,Resume Received,2024-05-01 09:30:00,System
R0094,Resume Filtered,2024-05-01 10:04:00,HR
R0094,Interview Scheduled,2024-05-01 12:39:00,System
R0094,Interview Completed,2024-05-01 14:49:00,HR
R0094,Offer Sent,2024-05-01 15:38:00,System
R0094,Offer Accepted,2024-05-01 18:31:00,Candidate
R0095,Resume Received,2024-05-01 10:53:00,System
R0095,Resume Filtered,2024-05-01 14:01:00,HR
R0095,Interview Scheduled,2024-05-01 15:21:00,System
R0095,Interview Completed,2024-05-01 16:22:00,HR
R0096,Resume Received,2024-05-01 10:07:00,System
R0096,Resume Filtered,2024-05-01 10:59:00,HR
R0096,Interview Scheduled,2024-05-01 14:56:00,System
R0096,Interview Completed,2024-05-01 17:38:00,HR
R0097,Resume Received,2024-05-01 10:26:00,System
R0097,Resume Filtered,2024-05-01 11:09:00,HR
R0097,Interview Scheduled,2024-05-01 13:13:00,System
R0097,Interview Completed,2024-05-01 13:45:00,HR
R0098,Resume Received,2024-05-01 08:48:00,System
R0098,Resume Filtered,2024-05-01 10:17:00,HR
R0098,Interview Scheduled,2024-05-01 10:54:00,System
R0098,Interview Completed,2024-05-01 12:01:00,HR
R0099,Resume Received,2024-05-01 09:05:00,System
R0099,Resume Filtered,2024-05-01 10:10:00,HR
R0099,Interview Scheduled,2024-05-01 12:08:00,System
R0099,Interview Completed,2024-05-01 16:06:00,HR
R0099,Offer Sent,2024-05-01 17:27:00,System
R0100,Resume Received,2024-05-01 09:07:00,System
R0100,Resume Filtered,2024-05-01 12:19:00,HR
R0100,Interview Scheduled,2024-05-01 14:47:00,System
R0100,Interview Completed,2024-05-01 16:48:00,HR
R0100,Offer Sent,2024-05-01 20:34:00,System
R0101,Resume Received,2024-05-01 08:05:00,System
R0101,Resume Filtered,2024-05-01 11:36:00,HR
R0101,Interview Scheduled,2024-05-01 15:16:00,System
R0101,Interview Completed,2024-05-01 18:08:00,HR
R0102,Resume Received,2024-05-01 10:12:00,System
R0102,Resume Filtered,2024-05-01 12:14:00,HR
R0102,Interview Scheduled,2024-05-01 15:28:00,System
R0102,Interview Completed,2024-05-01 17:06:00,HR
R0102,Offer Sent,2024-05-01 18:55:00,System
R0103,Resume Received,2024-05-01 10:07:00,System
R0103,Resume Filtered,2024-05-01 11:32:00,HR
R0103,Interview Scheduled,2024-05-01 14:49:00,System
R0103,Interview Completed,2024-05-01 18:11:00,HR
R0104,Resume Received,2024-05-01 09:49:00,System
R0104,Resume Filtered,2024-05-01 13:42:00,HR
R0104,Interview Scheduled,2024-05-01 14:59:00,System
R0104,Interview Completed,2024-05-01 18:12:00,HR
R0104,Offer Sent,2024-05-01 20:54:00,System
R0105,Resume Received,2024-05-01 10:49:00,System
R0105,Resume Filtered,2024-05-01 12:50:00,HR
R0105,Interview Scheduled,2024-05-01 14:00:00,System
R0105,Interview Completed,2024-05-01 15:39:00,HR
R0106,Resume Received,2024-05-01 09:58:00,System
R0106,Resume Filtered,2024-05-01 11:02:00,HR
R0106,Interview Scheduled,2024-05-01 13:56:00,System
R0106,Interview Completed,2024-05-01 17:34:00,HR
R0106,Offer Sent,2024-05-01 18:26:00,System
R0107,Resume Received,2024-05-01 10:53:00,System
R0107,Resume Filtered,2024-05-01 14:43:00,HR
R0107,Interview Scheduled,2024-05-01 17:56:00,System
R0107,Interview Completed,2024-05-01 20:50:00,HR
R0107,Offer Sent,2024-05-01 23:04:00,System
R0108,Resume Received,2024-05-01 09:14:00,System
R0108,Resume Filtered,2024-05-01 10:05:00,HR
R0108,Interview Scheduled,2024-05-01 10:50:00,System
R0108,Interview Completed,2024-05-01 12:01:00,HR
R0108,Offer Sent,2024-05-01 12:34:00,System
R0108,Offer Accepted,2024-05-01 13:37:00,Candidate
R0109,Resume Received,2024-05-01 09:25:00,System
R0109,Resume Filtered,2024-05-01 12:57:00,HR
R0109,Interview Scheduled,2024-05-01 15:07:00,System
R0109,Interview Completed,2024-05-01 16:10:00,HR
R0109,Offer Sent,2024-05-01 18:41:00,System
R0110,Resume Received,2024-05-01 09:19:00,System
R0110,Resume Filtered,2024-05-01 12:15:00,HR
R0110,Interview Scheduled,2024-05-01 14:40:00,System
R0110,Interview Completed,2024-05-01 17:07:00,HR
R0111,Resume Received,2024-05-01 08:45:00,System
R0111,Resume Filtered,2024-05-01 12:43:00,HR
R0111,Interview Scheduled,2024-05-01 14:18:00,System
R0111,Interview Completed,2024-05-01 16:51:00,HR
R0111,Offer Sent,2024-05-01 18:41:00,System
R0111,Offer Accepted,2024-05-01 20:47:00,Candidate
R0112,Resume Received,2024-05-01 10:30:00,System
R0112,Resume Filtered,2024-05-01 11:37:00,HR
R0112,Interview Scheduled,2024-05-01 14:46:00,System
R0112,Interview Completed,2024-05-01 17:59:00,HR
R0113,Resume Received,2024-05-01 10:37:00,System
R0113,Resume Filtered,2024-05-01 13:32:00,HR
R0113,Interview Scheduled,2024-05-01 17:10:00,System
R0113,Interview Completed,2024-05-01 20:19:00,HR
R0113,Offer Sent,2024-05-01 22:09:00,System
R0113,Offer Accepted,2024-05-02 02:08:00,Candidate
R0114,Resume Received,2024-05-01 09:56:00,System
R0114,Resume Filtered,2024-05-01 12:09:00,HR
R0114,Interview Scheduled,2024-05-01 14:29:00,System
R0114,Interview Completed,2024-05-01 17:17:00,HR
R0115,Resume Received,2024-05-01 10:34:00,System
R0115,Resume Filtered,2024-05-01 11:09:00,HR
R0115,Interview Scheduled,2024-05-01 14:50:00,System
R0115,Interview Completed,2024-05-01 18:10:00,HR
R0115,Offer Sent,2024-05-01 21:41:00,System
R0116,Resume Received,2024-05-01 09:44:00,System
R0116,Resume Filtered,2024-05-01 11:58:00,HR
R0116,Interview Scheduled,2024-05-01 15:34:00,System
R0116,Interview Completed,2024-05-01 17:42:00,HR
R0117,Resume Received,2024-05-01 08:06:00,System
R0117,Resume Filtered,2024-05-01 10:40:00,HR
R0117,Interview Scheduled,2024-05-01 14:22:00,System
R0117,Interview Completed,2024-05-01 16:27:00,HR
R0118,Resume Received,2024-05-01 08:18:00,System
R0118,Resume Filtered,2024-05-01 12:05:00,HR
R0118,Interview Scheduled,2024-05-01 14:55:00,System
R0118,Interview Completed,2024-05-01 15:26:00,HR
R0118,Offer Sent,2024-05-01 16:22:00,System
R0119,Resume Received,2024-05-01 10:04:00,System
R0119,Resume Filtered,2024-05-01 10:58:00,HR
R0119,Interview Scheduled,2024-05-01 14:38:00,System
R0119,Interview Completed,2024-05-01 18:38:00,HR
R0120,Resume Received,2024-05-01 10:59:00,System
R0120,Resume Filtered,2024-05-01 12:30:00,HR
R0120,Interview Scheduled,2024-05-01 14:44:00,System
R0120,Interview Completed,2024-05-01 15:55:00,HR
R0121,Resume Received,2024-05-01 08:32:00,System
R0121,Resume Filtered,2024-05-01 10:47:00,HR
R0121,Interview Scheduled,2024-05-01 14:06:00,System
R0121,Interview Completed,2024-05-01 14:53:00,HR
R0122,Resume Received,2024-05-01 10:40:00,System
R0122,Resume Filtered,2024-05-01 11:12:00,HR
R0122,Interview Scheduled,2024-05-01 13:56:00,System
R0122,Interview Completed,2024-05-01 16:49:00,HR
R0122,Offer Sent,2024-05-01 18:25:00,System
R0123,Resume Received,2024-05-01 10:27:00,System
R0123,Resume Filtered,2024-05-01 13:18:00,HR
R0123,Interview Scheduled,2024-05-01 16:53:00,System
R0123,Interview Completed,2024-05-01 17:55:00,HR
R0124,Resume Received,2024-05-01 08:49:00,System
R0124,Resume Filtered,2024-05-01 12:09:00,HR
R0124,Interview Scheduled,2024-05-01 14:43:00,System
R0124,Interview Completed,2024-05-01 16:17:00,HR
R0124,Offer Sent,2024-05-01 17:26:00,System
R0124,Offer Accepted,2024-05-01 18:33:00,Candidate
R0125,Resume Received,2024-05-01 09:20:00,System
R0125,Resume Filtered,2024-05-01 11:29:00,HR
R0125,Interview Scheduled,2024-05-01 12:18:00,System
R0125,Interview Completed,2024-05-01 12:58:00,HR
R0125,Offer Sent,2024-05-01 15:08:00,System
R0125,Offer Accepted,2024-05-01 17:01:00,Candidate
R0126,Resume Received,2024-05-01 09:56:00,System
R0126,Resume Filtered,2024-05-01 11:15:00,HR
R0126,Interview Scheduled,2024-05-01 12:19:00,System
R0126,Interview Completed,2024-05-01 13:01:00,HR
R0126,Offer Sent,2024-05-01 14:46:00,System
R0127,Resume Received,2024-05-01 10:31:00,System
R0127,Resume Filtered,2024-05-01 11:23:00,HR
R0127,Interview Scheduled,2024-05-01 13:08:00,System
R0127,Interview Completed,2024-05-01 14:41:00,HR
R0127,Offer Sent,2024-05-01 17:19:00,System
R0128,Resume Received,2024-05-01 09:05:00,System
R0128,Resume Filtered,2024-05-01 09:51:00,HR
R0128,Interview Scheduled,2024-05-01 12:38:00,System
R0128,Interview Completed,2024-05-01 14:56:00,HR
R0128,Offer Sent,2024-05-01 16:08:00,System
R0129,Resume Received,2024-05-01 09:23:00,System
R0129,Resume Filtered,2024-05-01 10:01:00,HR
R0129,Interview Scheduled,2024-05-01 13:53:00,System
R0129,Interview Completed,2024-05-01 14:48:00,HR
R0129,Offer Sent,2024-05-01 17:31:00,System
R0130,Resume Received,2024-05-01 09:33:00,System
R0130,Resume Filtered,2024-05-01 10:17:00,HR
R0130,Interview Scheduled,2024-05-01 12:29:00,System
R0130,Interview Completed,2024-05-01 16:09:00,HR
R0130,Offer Sent,2024-05-01 18:08:00,System
R0131,Resume Received,2024-05-01 09:40:00,System
R0131,Resume Filtered,2024-05-01 10:22:00,HR
R0131,Interview Scheduled,2024-05-01 13:11:00,System
R0131,Interview Completed,2024-05-01 15:33:00,HR
R0131,Offer Sent,2024-05-01 16:29:00,System
R0132,Resume Received,2024-05-01 09:41:00,System
R0132,Resume Filtered,2024-05-01 13:35:00,HR
R0132,Interview Scheduled,2024-05-01 15:42:00,System
R0132,Interview Completed,2024-05-01 19:39:00,HR
R0132,Offer Sent,2024-05-01 20:46:00,System
R0132,Offer Accepted,2024-05-01 23:34:00,Candidate
R0133,Resume Received,2024-05-01 09:28:00,System
R0133,Resume Filtered,2024-05-01 12:46:00,HR
R0133,Interview Scheduled,2024-05-01 14:38:00,System
R0133,Interview Completed,2024-05-01 18:14:00,HR
R0133,Offer Sent,2024-05-01 18:54:00,System
R0134,Resume Received,2024-05-01 10:30:00,System
R0134,Resume Filtered,2024-05-01 14:04:00,HR
R0134,Interview Scheduled,2024-05-01 15:56:00,System
R0134,Interview Completed,2024-05-01 19:08:00,HR
R0134,Offer Sent,2024-05-01 21:17:00,System
R0134,Offer Accepted,2024-05-01 23:08:00,Candidate
R0135,Resume Received,2024-05-01 09:39:00,System
R0135,Resume Filtered,2024-05-01 11:38:00,HR
R0135,Interview Scheduled,2024-05-01 14:59:00,System
R0135,Interview Completed,2024-05-01 17:52:00,HR
R0135,Offer Sent,2024-05-01 20:13:00,System
R0135,Offer Accepted,2024-05-02 00:03:00,Candidate
R0136,Resume Received,2024-05-01 09:11:00,System
R0136,Resume Filtered,2024-05-01 10:31:00,HR
R0136,Interview Scheduled,2024-05-01 11:44:00,System
R0136,Interview Completed,2024-05-01 13:13:00,HR
R0136,Offer Sent,2024-05-01 15:20:00,System
R0136,Offer Accepted,2024-05-01 15:53:00,Candidate
R0137,Resume Received,2024-05-01 08:29:00,System
R0137,Resume Filtered,2024-05-01 09:57:00,HR
R0137,Interview Scheduled,2024-05-01 12:36:00,System
R0137,Interview Completed,2024-05-01 15:58:00,HR
R0137,Offer Sent,2024-05-01 19:06:00,System
R0137,Offer Accepted,2024-05-01 22:29:00,Candidate
R0138,Resume Received,2024-05-01 09:54:00,System
R0138,Resume Filtered,2024-05-01 11:16:00,HR
R0138,Interview Scheduled,2024-05-01 14:30:00,System
R0138,Interview Completed,2024-05-01 15:42:00,HR
R0138,Offer Sent,2024-05-01 18:50:00,System
R0139,Resume Received,2024-05-01 08:11:00,System
R0139,Resume Filtered,2024-05-01 12:10:00,HR
R0139,Interview Scheduled,2024-05-01 13:45:00,System
R0139,Interview Completed,2024-05-01 14:40:00,HR
R0139,Offer Sent,2024-05-01 15:59:00,System
R0139,Offer Accepted,2024-05-01 18:04:00,Candidate
R0140,Resume Received,2024-05-01 10:58:00,System
R0140,Resume Filtered,2024-05-01 13:50:00,HR
R0140,Interview Scheduled,2024-05-01 16:27:00,System
R0140,Interview Completed,2024-05-01 17:38:00,HR
R0141,Resume Received,2024-05-01 10:48:00,System
R0141,Resume Filtered,2024-05-01 14:40:00,HR
R0141,Interview Scheduled,2024-05-01 16:40:00,System
R0141,Interview Completed,2024-05-01 19:52:00,HR
R0142,Resume Received,2024-05-01 10:32:00,System
R0142,Resume Filtered,2024-05-01 11:22:00,HR
R0142,Interview Scheduled,2024-05-01 12:26:00,System
R0142,Interview Completed,2024-05-01 14:54:00,HR
R0143,Resume Received,2024-05-01 09:52:00,System
R0143,Resume Filtered,2024-05-01 12:52:00,HR
R0143,Interview Scheduled,2024-05-01 14:36:00,System
R0143,Interview Completed,2024-05-01 17:57:00,HR
R0143,Offer Sent,2024-05-01 20:46:00,System
R0143,Offer Accepted,2024-05-01 23:29:00,Candidate
R0144,Resume Received,2024-05-01 10:21:00,System
R0144,Resume Filtered,2024-05-01 12:20:00,HR
R0144,Interview Scheduled,2024-05-01 14:59:00,System
R0144,Interview Completed,2024-05-01 18:42:00,HR
R0145,Resume Received,2024-05-01 08:52:00,System
R0145,Resume Filtered,2024-05-01 09:31:00,HR
R0145,Interview Scheduled,2024-05-01 11:58:00,System
R0145,Interview Completed,2024-05-01 15:27:00,HR
R0145,Offer Sent,2024-05-01 17:24:00,System
R0145,Offer Accepted,2024-05-01 18:29:00,Candidate
R0146,Resume Received,2024-05-01 09:53:00,System
R0146,Resume Filtered,2024-05-01 11:26:00,HR
R0146,Interview Scheduled,2024-05-01 12:07:00,System
R0146,Interview Completed,2024-05-01 13:17:00,HR
R0146,Offer Sent,2024-05-01 16:34:00,System
R0146,Offer Accepted,2024-05-01 20:22:00,Candidate
R0147,Resume Received,2024-05-01 10:27:00,System
R0147,Resume Filtered,2024-05-01 14:26:00,HR
R0147,Interview Scheduled,2024-05-01 16:09:00,System
R0147,Interview Completed,2024-05-01 16:46:00,HR
R0147,Offer Sent,2024-05-01 17:17:00,System
R0147,Offer Accepted,2024-05-01 20:49:00,Candidate
R0148,Resume Received,2024-05-01 08:06:00,System
R0148,Resume Filtered,2024-05-01 09:06:00,HR
R0148,Interview Scheduled,2024-05-01 10:41:00,System
R0148,Interview Completed,2024-05-01 13:29:00,HR
R0149,Resume Received,2024-05-01 08:33:00,System
R0149,Resume Filtered,2024-05-01 11:12:00,HR
R0149,Interview Scheduled,2024-05-01 13:29:00,System
R0149,Interview Completed,2024-05-01 16:18:00,HR
R0149,Offer Sent,2024-05-01 19:44:00,System
R0150,Resume Received,2024-05-01 10:29:00,System
R0150,Resume Filtered,2024-05-01 13:58:00,HR
R0150,Interview Scheduled,2024-05-01 16:51:00,System
R0150,Interview Completed,2024-05-01 17:34:00,HR
R0151,Resume Received,2024-05-01 09:48:00,System
R0151,Resume Filtered,2024-05-01 10:26:00,HR
R0151,Interview Scheduled,2024-05-01 13:50:00,System
R0151,Interview Completed,2024-05-01 15:05:00,HR
R0151,Offer Sent,2024-05-01 17:26:00,System
R0151,Offer Accepted,2024-05-01 20:17:00,Candidate
R0152,Resume Received,2024-05-01 08:53:00,System
R0152,Resume Filtered,2024-05-01 10:00:00,HR
R0152,Interview Scheduled,2024-05-01 11:38:00,System
R0152,Interview Completed,2024-05-01 12:12:00,HR
R0152,Offer Sent,2024-05-01 13:07:00,System
R0152,Offer Accepted,2024-05-01 14:50:00,Candidate
R0153,Resume Received,2024-05-01 10:26:00,System
R0153,Resume Filtered,2024-05-01 14:10:00,HR
R0153,Interview Scheduled,2024-05-01 18:02:00,System
R0153,Interview Completed,2024-05-01 20:49:00,HR
R0153,Offer Sent,2024-05-02 00:13:00,System
R0153,Offer Accepted,2024-05-02 01:25:00,Candidate
R0154,Resume Received,2024-05-01 10:41:00,System
R0154,Resume Filtered,2024-05-01 14:28:00,HR
R0154,Interview Scheduled,2024-05-01 15:04:00,System
R0154,Interview Completed,2024-05-01 15:43:00,HR
R0155,Resume Received,2024-05-01 10:56:00,System
R0155,Resume Filtered,2024-05-01 12:56:00,HR
R0155,Interview Scheduled,2024-05-01 16:36:00,System
R0155,Interview Completed,2024-05-01 17:45:00,HR
R0155,Offer Sent,2024-05-01 18:49:00,System
R0156,Resume Received,2024-05-01 08:17:00,System
R0156,Resume Filtered,2024-05-01 12:02:00,HR
R0156,Interview Scheduled,2024-05-01 15:24:00,System
R0156,Interview Completed,2024-05-01 16:01:00,HR
R0157,Resume Received,2024-05-01 08:47:00,System
R0157,Resume Filtered,2024-05-01 11:44:00,HR
R0157,Interview Scheduled,2024-05-01 12:46:00,System
R0157,Interview Completed,2024-05-01 16:02:00,HR
R0157,Offer Sent,2024-05-01 19:18:00,System
R0157,Offer Accepted,2024-05-01 23:10:00,Candidate
R0158,Resume Received,2024-05-01 10:47:00,System
R0158,Resume Filtered,2024-05-01 13:30:00,HR
R0158,Interview Scheduled,2024-05-01 15:24:00,System
R0158,Interview Completed,2024-05-01 16:54:00,HR
R0158,Offer Sent,2024-05-01 20:39:00,System
R0159,Resume Received,2024-05-01 08:28:00,System
R0159,Resume Filtered,2024-05-01 09:12:00,HR
R0159,Interview Scheduled,2024-05-01 10:44:00,System
R0159,Interview Completed,2024-05-01 11:59:00,HR
R0159,Offer Sent,2024-05-01 14:51:00,System
R0160,Resume Received,2024-05-01 10:12:00,System
R0160,Resume Filtered,2024-05-01 11:46:00,HR
R0160,Interview Scheduled,2024-05-01 14:41:00,System
R0160,Interview Completed,2024-05-01 17:56:00,HR
R0160,Offer Sent,2024-05-01 19:08:00,System
R0161,Resume Received,2024-05-01 08:25:00,System
R0161,Resume Filtered,2024-05-01 11:48:00,HR
R0161,Interview Scheduled,2024-05-01 12:38:00,System
R0161,Interview Completed,2024-05-01 14:08:00,HR
R0161,Offer Sent,2024-05-01 15:07:00,System
R0161,Offer Accepted,2024-05-01 17:25:00,Candidate
R0162,Resume Received,2024-05-01 08:26:00,System
R0162,Resume Filtered,2024-05-01 10:42:00,HR
R0162,Interview Scheduled,2024-05-01 14:03:00,System
R0162,Interview Completed,2024-05-01 16:22:00,HR
R0162,Offer Sent,2024-05-01 19:35:00,System
R0163,Resume Received,2024-05-01 09:25:00,System
R0163,Resume Filtered,2024-05-01 13:07:00,HR
R0163,Interview Scheduled,2024-05-01 14:07:00,System
R0163,Interview Completed,2024-05-01 16:00:00,HR
R0163,Offer Sent,2024-05-01 17:49:00,System
R0164,Resume Received,2024-05-01 10:35:00,System
R0164,Resume Filtered,2024-05-01 13:04:00,HR
R0164,Interview Scheduled,2024-05-01 15:17:00,System
R0164,Interview Completed,2024-05-01 17:09:00,HR
R0164,Offer Sent,2024-05-01 19:34:00,System
R0164,Offer Accepted,2024-05-01 21:45:00,Candidate
R0165,Resume Received,2024-05-01 08:33:00,System
R0165,Resume Filtered,2024-05-01 09:19:00,HR
R0165,Interview Scheduled,2024-05-01 10:32:00,System
R0165,Interview Completed,2024-05-01 11:36:00,HR
R0165,Offer Sent,2024-05-01 12:21:00,System
R0166,Resume Received,2024-05-01 09:31:00,System
R0166,Resume Filtered,2024-05-01 10:40:00,HR
R0166,Interview Scheduled,2024-05-01 13:18:00,System
R0166,Interview Completed,2024-05-01 15:49:00,HR
R0166,Offer Sent,2024-05-01 17:23:00,System
R0167,Resume Received,2024-05-01 08:36:00,System
R0167,Resume Filtered,2024-05-01 11:52:00,HR
R0167,Interview Scheduled,2024-05-01 12:24:00,System
R0167,Interview Completed,2024-05-01 13:27:00,HR
R0167,Offer Sent,2024-05-01 16:20:00,System
R0168,Resume Received,2024-05-01 09:12:00,System
R0168,Resume Filtered,2024-05-01 12:30:00,HR
R0168,Interview Scheduled,2024-05-01 13:35:00,System
R0168,Interview Completed,2024-05-01 16:17:00,HR
R0169,Resume Received,2024-05-01 09:31:00,System
R0169,Resume Filtered,2024-05-01 10:31:00,HR
R0169,Interview Scheduled,2024-05-01 14:07:00,System
R0169,Interview Completed,2024-05-01 16:33:00,HR
R0169,Offer Sent,2024-05-01 18:18:00,System
R0170,Resume Received,2024-05-01 10:08:00,System
R0170,Resume Filtered,2024-05-01 10:53:00,HR
R0170,Interview Scheduled,2024-05-01 14:00:00,System
R0170,Interview Completed,2024-05-01 16:39:00,HR
R0170,Offer Sent,2024-05-01 17:46:00,System
R0171,Resume Received,2024-05-01 09:31:00,System
R0171,Resume Filtered,2024-05-01 12:25:00,HR
R0171,Interview Scheduled,2024-05-01 12:55:00,System
R0171,Interview Completed,2024-05-01 16:41:00,HR
R0171,Offer Sent,2024-05-01 18:11:00,System
R0172,Resume Received,2024-05-01 08:28:00,System
R0172,Resume Filtered,2024-05-01 12:28:00,HR
R0172,Interview Scheduled,2024-05-01 15:32:00,System
R0172,Interview Completed,2024-05-01 17:31:00,HR
R0172,Offer Sent,2024-05-01 20:05:00,System
R0172,Offer Accepted,2024-05-01 22:57:00,Candidate
R0173,Resume Received,2024-05-01 10:15:00,System
R0173,Resume Filtered,2024-05-01 11:43:00,HR
R0173,Interview Scheduled,2024-05-01 13:14:00,System
R0173,Interview Completed,2024-05-01 14:27:00,HR
R0173,Offer Sent,2024-05-01 18:09:00,System
R0173,Offer Accepted,2024-05-01 20:24:00,Candidate
R0174,Resume Received,2024-05-01 08:25:00,System
R0174,Resume Filtered,2024-05-01 09:07:00,HR
R0174,Interview Scheduled,2024-05-01 12:50:00,System
R0174,Interview Completed,2024-05-01 15:38:00,HR
R0174,Offer Sent,2024-05-01 19:19:00,System
R0175,Resume Received,2024-05-01 10:42:00,System
R0175,Resume Filtered,2024-05-01 13:01:00,HR
R0175,Interview Scheduled,2024-05-01 16:55:00,System
R0175,Interview Completed,2024-05-01 20:06:00,HR
R0176,Resume Received,2024-05-01 08:33:00,System
R0176,Resume Filtered,2024-05-01 09:41:00,HR
R0176,Interview Scheduled,2024-05-01 10:58:00,System
R0176,Interview Completed,2024-05-01 13:07:00,HR
R0177,Resume Received,2024-05-01 08:59:00,System
R0177,Resume Filtered,2024-05-01 10:17:00,HR
R0177,Interview Scheduled,2024-05-01 13:02:00,System
R0177,Interview Completed,2024-05-01 16:02:00,HR
R0177,Offer Sent,2024-05-01 19:10:00,System
R0178,Resume Received,2024-05-01 10:36:00,System
R0178,Resume Filtered,2024-05-01 13:53:00,HR
R0178,Interview Scheduled,2024-05-01 17:26:00,System
R0178,Interview Completed,2024-05-01 18:20:00,HR
R0179,Resume Received,2024-05-01 10:05:00,System
R0179,Resume Filtered,2024-05-01 11:34:00,HR
R0179,Interview Scheduled,2024-05-01 13:35:00,System
R0179,Interview Completed,2024-05-01 16:39:00,HR
R0179,Offer Sent,2024-05-01 19:20:00,System
R0180,Resume Received,2024-05-01 08:37:00,System
R0180,Resume Filtered,2024-05-01 10:58:00,HR
R0180,Interview Scheduled,2024-05-01 14:06:00,System
R0180,Interview Completed,2024-05-01 16:54:00,HR
R0180,Offer Sent,2024-05-01 19:10:00,System
R0181,Resume Received,2024-05-01 08:51:00,System
R0181,Resume Filtered,2024-05-01 09:21:00,HR
R0181,Interview Scheduled,2024-05-01 12:18:00,System
R0181,Interview Completed,2024-05-01 15:29:00,HR
R0182,Resume Received,2024-05-01 10:31:00,System
R0182,Resume Filtered,2024-05-01 13:05:00,HR
R0182,Interview Scheduled,2024-05-01 15:45:00,System
R0182,Interview Completed,2024-05-01 17:35:00,HR
R0182,Offer Sent,2024-05-01 21:20:00,System
R0182,Offer Accepted,2024-05-01 22:55:00,Candidate
R0183,Resume Received,2024-05-01 08:41:00,System
R0183,Resume Filtered,2024-05-01 09:14:00,HR
R0183,Interview Scheduled,2024-05-01 11:13:00,System
R0183,Interview Completed,2024-05-01 13:35:00,HR
R0183,Offer Sent,2024-05-01 16:11:00,System
R0183,Offer Accepted,2024-05-01 17:51:00,Candidate
R0184,Resume Received,2024-05-01 10:19:00,System
R0184,Resume Filtered,2024-05-01 10:59:00,HR
R0184,Interview Scheduled,2024-05-01 12:02:00,System
R0184,Interview Completed,2024-05-01 15:40:00,HR
R0184,Offer Sent,2024-05-01 16:34:00,System
R0185,Resume Received,2024-05-01 08:44:00,System
R0185,Resume Filtered,2024-05-01 11:01:00,HR
R0185,Interview Scheduled,2024-05-01 13:45:00,System
R0185,Interview Completed,2024-05-01 14:54:00,HR
R0185,Offer Sent,2024-05-01 17:39:00,System
R0185,Offer Accepted,2024-05-01 20:19:00,Candidate
R0186,Resume Received,2024-05-01 08:25:00,System
R0186,Resume Filtered,2024-05-01 12:14:00,HR
R0186,Interview Scheduled,2024-05-01 15:40:00,System
R0186,Interview Completed,2024-05-01 17:10:00,HR
R0186,Offer Sent,2024-05-01 17:59:00,System
R0186,Offer Accepted,2024-05-01 18:49:00,Candidate
R0187,Resume Received,2024-05-01 08:44:00,System
R0187,Resume Filtered,2024-05-01 09:38:00,HR
R0187,Interview Scheduled,2024-05-01 10:52:00,System
R0187,Interview Completed,2024-05-01 12:08:00,HR
R0188,Resume Received,2024-05-01 08:52:00,System
R0188,Resume Filtered,2024-05-01 12:18:00,HR
R0188,Interview Scheduled,2024-05-01 15:12:00,System
R0188,Interview Completed,2024-05-01 16:07:00,HR
R0188,Offer Sent,2024-05-01 16:41:00,System
R0189,Resume Received,2024-05-01 09:06:00,System
R0189,Resume Filtered,2024-05-01 10:48:00,HR
R0189,Interview Scheduled,2024-05-01 14:34:00,System
R0189,Interview Completed,2024-05-01 18:12:00,HR
R0189,Offer Sent,2024-05-01 20:59:00,System
R0189,Offer Accepted,2024-05-02 00:57:00,Candidate
R0190,Resume Received,2024-05-01 10:25:00,System
R0190,Resume Filtered,2024-05-01 12:05:00,HR
R0190,Interview Scheduled,2024-05-01 14:19:00,System
R0190,Interview Completed,2024-05-01 17:19:00,HR
R0190,Offer Sent,2024-05-01 19:32:00,System
R0191,Resume Received,2024-05-01 08:30:00,System
R0191,Resume Filtered,2024-05-01 11:01:00,HR
R0191,Interview Scheduled,2024-05-01 11:53:00,System
R0191,Interview Completed,2024-05-01 12:32:00,HR
R0191,Offer Sent,2024-05-01 15:43:00,System
R0191,Offer Accepted,2024-05-01 17:30:00,Candidate
R0192,Resume Received,2024-05-01 09:13:00,System
R0192,Resume Filtered,2024-05-01 10:09:00,HR
R0192,Interview Scheduled,2024-05-01 11:49:00,System
R0192,Interview Completed,2024-05-01 14:06:00,HR
R0192,Offer Sent,2024-05-01 15:43:00,System
R0192,Offer Accepted,2024-05-01 16:22:00,Candidate
R0193,Resume Received,2024-05-01 08:32:00,System
R0193,Resume Filtered,2024-05-01 10:59:00,HR
R0193,Interview Scheduled,2024-05-01 13:02:00,System
R0193,Interview Completed,2024-05-01 14:38:00,HR
R0194,Resume Received,2024-05-01 09:49:00,System
R0194,Resume Filtered,2024-05-01 12:04:00,HR
R0194,Interview Scheduled,2024-05-01 15:53:00,System
R0194,Interview Completed,2024-05-01 16:48:00,HR
R0194,Offer Sent,2024-05-01 19:52:00,System
R0194,Offer Accepted,2024-05-01 23:49:00,Candidate
R0195,Resume Received,2024-05-01 10:31:00,System
R0195,Resume Filtered,2024-05-01 12:50:00,HR
R0195,Interview Scheduled,2024-05-01 15:05:00,System
R0195,Interview Completed,2024-05-01 17:20:00,HR
R0195,Offer Sent,2024-05-01 19:56:00,System
R0195,Offer Accepted,2024-05-01 22:02:00,Candidate
R0196,Resume Received,2024-05-01 08:13:00,System
R0196,Resume Filtered,2024-05-01 10:30:00,HR
R0196,Interview Scheduled,2024-05-01 12:30:00,System
R0196,Interview Completed,2024-05-01 16:18:00,HR
R0196,Offer Sent,2024-05-01 17:49:00,System
R0197,Resume Received,2024-05-01 10:41:00,System
R0197,Resume Filtered,2024-05-01 13:49:00,HR
R0197,Interview Scheduled,2024-05-01 17:09:00,System
R0197,Interview Completed,2024-05-01 19:34:00,HR
R0197,Offer Sent,2024-05-01 23:18:00,System
R0198,Resume Received,2024-05-01 09:04:00,System
R0198,Resume Filtered,2024-05-01 11:15:00,HR
R0198,Interview Scheduled,2024-05-01 13:56:00,System
R0198,Interview Completed,2024-05-01 17:46:00,HR
R0199,Resume Received,2024-05-01 09:11:00,System
R0199,Resume Filtered,2024-05-01 09:53:00,HR
R0199,Interview Scheduled,2024-05-01 10:25:00,System
R0199,Interview Completed,2024-05-01 14:18:00,HR
R0200,Resume Received,2024-05-01 08:17:00,System
R0200,Resume Filtered,2024-05-01 12:01:00,HR
R0200,Interview Scheduled,2024-05-01 14:48:00,System
R0200,Interview Completed,2024-05-01 17:25:00,HR
